{"cameraMode":{"drawMode":31,"name":"Sprite Mask","section":"Miscellaneous"},"sceneLighting":false,"audioPlay":false,"sceneViewState":{"showFog":true,"showMaterialUpdate":false,"showSkybox":false,"showFlares":true,"showImageEffects":true,"showParticleSystems":true},"in2DMode":false,"pivot":{"x":-0.6775767803192139,"y":-0.15563392639160157,"z":0.04278548061847687},"rotation":{"x":-0.007553469389677048,"y":0.43711844086647036,"z":-0.0036709264386445286,"w":-0.8993685245513916},"size":0.1013069748878479,"orthographic":false}