{"cameraMode":{"drawMode":31,"name":"Sprite Mask","section":"Miscellaneous"},"sceneLighting":false,"audioPlay":false,"sceneViewState":{"showFog":true,"showMaterialUpdate":false,"showSkybox":false,"showFlares":true,"showImageEffects":true,"showParticleSystems":true},"in2DMode":false,"pivot":{"x":65.500732421875,"y":1.1983070373535157,"z":8.230964660644532},"rotation":{"x":0.2254316359758377,"y":-0.010229188948869706,"z":0.002366841770708561,"w":0.9742058515548706},"size":1.4949615001678467,"orthographic":false}