{"cameraMode":{"drawMode":31,"name":"Sprite Mask","section":"Miscellaneous"},"sceneLighting":false,"audioPlay":false,"sceneViewState":{"showFog":true,"showMaterialUpdate":false,"showSkybox":false,"showFlares":true,"showImageEffects":true,"showParticleSystems":true},"in2DMode":false,"pivot":{"x":0.023730933666229249,"y":0.21917924284934998,"z":-0.09476518630981446},"rotation":{"x":-0.008013784885406495,"y":-0.550925076007843,"z":-0.005289085209369659,"w":0.8345040678977966},"size":1.2876530885696412,"orthographic":false}