{"cameraMode":{"drawMode":31,"name":"Sprite Mask","section":"Miscellaneous"},"sceneLighting":false,"audioPlay":false,"sceneViewState":{"showFog":true,"showMaterialUpdate":false,"showSkybox":false,"showFlares":true,"showImageEffects":true,"showParticleSystems":true},"in2DMode":false,"pivot":{"x":56.809810638427737,"y":1.1412001848220826,"z":7.6681928634643559},"rotation":{"x":0.19148270785808564,"y":-0.6673075556755066,"z":0.18360617756843568,"w":0.695939838886261},"size":0.29197484254837038,"orthographic":false}