{"cameraMode":{"drawMode":31,"name":"Sprite Mask","section":"Miscellaneous"},"sceneLighting":false,"audioPlay":false,"sceneViewState":{"showFog":true,"showMaterialUpdate":false,"showSkybox":false,"showFlares":true,"showImageEffects":true,"showParticleSystems":true},"in2DMode":false,"pivot":{"x":56.91149139404297,"y":1.1660000085830689,"z":7.609000205993652},"rotation":{"x":0.0556485578417778,"y":-0.5035348534584045,"z":0.03252258896827698,"w":0.861571192741394},"size":0.29197484254837038,"orthographic":false}