{"cameraMode":{"drawMode":31,"name":"Sprite Mask","section":"Miscellaneous"},"sceneLighting":false,"audioPlay":false,"sceneViewState":{"showFog":true,"showMaterialUpdate":false,"showSkybox":false,"showFlares":true,"showImageEffects":true,"showParticleSystems":true},"in2DMode":false,"pivot":{"x":58.08156204223633,"y":0.6072272658348084,"z":7.521201133728027},"rotation":{"x":-0.009668465703725815,"y":-0.5922475457191467,"z":-0.0071073174476623539,"w":0.8056669235229492},"size":0.29197484254837038,"orthographic":false}