{"cameraMode":{"drawMode":31,"name":"Sprite Mask","section":"Miscellaneous"},"sceneLighting":false,"audioPlay":false,"sceneViewState":{"showFog":true,"showMaterialUpdate":false,"showSkybox":false,"showFlares":true,"showImageEffects":true,"showParticleSystems":true},"in2DMode":false,"pivot":{"x":114.98661041259766,"y":1.800050139427185,"z":15.029351234436036},"rotation":{"x":0.0556485578417778,"y":-0.5035348534584045,"z":0.03252258896827698,"w":0.861571192741394},"size":0.30803585052490237,"orthographic":false}