{"cameraMode":{"drawMode":31,"name":"Sprite Mask","section":"Miscellaneous"},"sceneLighting":false,"audioPlay":false,"sceneViewState":{"showFog":true,"showMaterialUpdate":false,"showSkybox":false,"showFlares":true,"showImageEffects":true,"showParticleSystems":true},"in2DMode":false,"pivot":{"x":-0.11512154340744019,"y":0.12340305000543595,"z":0.13824361562728883},"rotation":{"x":-0.010331450961530209,"y":-0.17842821776866914,"z":-0.0018743678228929639,"w":0.9839008450508118},"size":0.305467426776886,"orthographic":false}