{"cameraMode":{"drawMode":31,"name":"Sprite Mask","section":"Miscellaneous"},"sceneLighting":true,"audioPlay":false,"sceneViewState":{"showFog":true,"showMaterialUpdate":false,"showSkybox":true,"showFlares":true,"showImageEffects":true,"showParticleSystems":true},"in2DMode":false,"pivot":{"x":54.99236297607422,"y":1.496295690536499,"z":13.971269607543946},"rotation":{"x":0.2753499448299408,"y":-0.02021242119371891,"z":0.005707006435841322,"w":0.9611648917198181},"size":3.168515920639038,"orthographic":true}