{"cameraMode":{"drawMode":31,"name":"Sprite Mask","section":"Miscellaneous"},"sceneLighting":true,"audioPlay":false,"sceneViewState":{"showFog":true,"showMaterialUpdate":false,"showSkybox":true,"showFlares":true,"showImageEffects":true,"showParticleSystems":true},"in2DMode":false,"pivot":{"x":43.40460968017578,"y":12.933235168457032,"z":-9.94759750366211},"rotation":{"x":0.000050620237743714824,"y":-0.9983935356140137,"z":-0.0566600076854229,"w":-0.0008921671542339027},"size":20.946313858032228,"orthographic":false}