{"cameraMode":{"drawMode":31,"name":"Sprite Mask","section":"Miscellaneous"},"sceneLighting":false,"audioPlay":false,"sceneViewState":{"showFog":true,"showMaterialUpdate":false,"showSkybox":false,"showFlares":true,"showImageEffects":true,"showParticleSystems":true},"in2DMode":false,"pivot":{"x":-3.399886131286621,"y":0.10266268253326416,"z":-11.061223030090332},"rotation":{"x":0.2254316359758377,"y":-0.010229188948869706,"z":0.002366841770708561,"w":0.9742058515548706},"size":1.3917627334594727,"orthographic":false}