{"cameraMode":{"drawMode":31,"name":"Sprite Mask","section":"Miscellaneous"},"sceneLighting":false,"audioPlay":false,"sceneViewState":{"showFog":true,"showMaterialUpdate":false,"showSkybox":false,"showFlares":true,"showImageEffects":true,"showParticleSystems":true},"in2DMode":false,"pivot":{"x":37.28142166137695,"y":23.889606475830079,"z":36.32674789428711},"rotation":{"x":0.08532190322875977,"y":0.14888079464435578,"z":-0.012895099818706513,"w":0.9850829839706421},"size":5.82459020614624,"orthographic":false}