{"cameraMode":{"drawMode":31,"name":"Sprite Mask","section":"Miscellaneous"},"sceneLighting":false,"audioPlay":false,"sceneViewState":{"showFog":true,"showMaterialUpdate":false,"showSkybox":false,"showFlares":true,"showImageEffects":true,"showParticleSystems":true},"in2DMode":false,"pivot":{"x":505.55999755859377,"y":407.89599609375,"z":0.0},"rotation":{"x":-0.003000024938955903,"y":-0.008091842755675316,"z":0.00002507466524548363,"w":-0.999966561794281},"size":210.68199157714845,"orthographic":true}