{"cameraMode":{"drawMode":31,"name":"Sprite Mask","section":"Miscellaneous"},"sceneLighting":false,"audioPlay":false,"sceneViewState":{"showFog":true,"showMaterialUpdate":false,"showSkybox":false,"showFlares":true,"showImageEffects":true,"showParticleSystems":true},"in2DMode":false,"pivot":{"x":114.9662857055664,"y":1.7592136859893799,"z":14.996509552001954},"rotation":{"x":0.0556485578417778,"y":-0.5035348534584045,"z":0.03252258896827698,"w":0.861571192741394},"size":1.2170870304107667,"orthographic":false}