{"cameraMode":{"drawMode":31,"name":"Sprite Mask","section":"Miscellaneous"},"sceneLighting":false,"audioPlay":false,"sceneViewState":{"showFog":true,"showMaterialUpdate":false,"showSkybox":false,"showFlares":true,"showImageEffects":true,"showParticleSystems":true},"in2DMode":false,"pivot":{"x":58.051795959472659,"y":0.5932137966156006,"z":7.376500129699707},"rotation":{"x":-0.47357168793678286,"y":0.10730703920125961,"z":-0.058260127902030948,"w":-0.8722531795501709},"size":0.31543442606925967,"orthographic":false}