{"cameraMode":{"drawMode":31,"name":"Sprite Mask","section":"Miscellaneous"},"sceneLighting":false,"audioPlay":false,"sceneViewState":{"showFog":true,"showMaterialUpdate":false,"showSkybox":false,"showFlares":true,"showImageEffects":true,"showParticleSystems":true},"in2DMode":false,"pivot":{"x":65.50067138671875,"y":1.19831120967865,"z":8.230972290039063},"rotation":{"x":0.08953335136175156,"y":0.704313337802887,"z":-0.09029015898704529,"w":0.6984160542488098},"size":3.0156004428863527,"orthographic":true}