{"cameraMode":{"drawMode":31,"name":"Sprite Mask","section":"Miscellaneous"},"sceneLighting":false,"audioPlay":false,"sceneViewState":{"showFog":true,"showMaterialUpdate":false,"showSkybox":false,"showFlares":true,"showImageEffects":true,"showParticleSystems":true},"in2DMode":false,"pivot":{"x":53.83000183105469,"y":1.3300000429153443,"z":-7.190000057220459},"rotation":{"x":0.08953335136175156,"y":0.704313337802887,"z":-0.09029015898704529,"w":0.6984160542488098},"size":1.148913025856018,"orthographic":true}