{"cameraMode":{"drawMode":31,"name":"Sprite Mask","section":"Miscellaneous"},"sceneLighting":false,"audioPlay":false,"sceneViewState":{"showFog":true,"showMaterialUpdate":false,"showSkybox":false,"showFlares":true,"showImageEffects":true,"showParticleSystems":true},"in2DMode":false,"pivot":{"x":57.06440734863281,"y":1.0836251974105836,"z":7.232595920562744},"rotation":{"x":0.3101302981376648,"y":0.42299169301986697,"z":-0.1567554771900177,"w":0.8368573188781738},"size":0.7351914644241333,"orthographic":false}