{"cameraMode":{"drawMode":31,"name":"Sprite Mask","section":"Miscellaneous"},"sceneLighting":true,"audioPlay":false,"sceneViewState":{"showFog":true,"showMaterialUpdate":false,"showSkybox":false,"showFlares":true,"showImageEffects":true,"showParticleSystems":true},"in2DMode":false,"pivot":{"x":229.5,"y":143.27894592285157,"z":1.0226445198059083},"rotation":{"x":0.10399691760540009,"y":0.5027011036872864,"z":-0.061073631048202518,"w":0.8560094237327576},"size":276.6397705078125,"orthographic":false}